variant,target,seed,mae,rmse,r2
tier1_full,ef,42,0.12378859247661268,0.32007001724601947,0.8825396081213229
tier1_voronoi_subset,ef,42,0.12107758592474506,0.2926098698930521,0.9164390860034293
tier1_full,bg,42,0.5135141280717654,0.7645778353982399,0.7761150390761672
tier1_voronoi_subset,bg,42,0.5085821351195359,0.7919367746467603,0.7690981542092004
